series_slug,series_name,episode_no,episode_slug,label,input_images,kept_images,dropped_images,dropout_rate,dominant_width,story_start_position,story_end_position,chronology_bin,url
eleceed,Eleceed,5,episode-000005-episode-5,"Episode 5 May 20, 2019 like 159,170 #5",734,263,471,0.6416893732970027,700,19,716,0,https://www.webtoons.com/en/action/eleceed/episode-5/viewer?title_no=1571&episode_no=5
eleceed,Eleceed,7,episode-000007-episode-7,"Episode 7 Jun 3, 2019 like 157,348 #7",679,229,450,0.6627393225331369,700,19,658,0,https://www.webtoons.com/en/action/eleceed/episode-7/viewer?title_no=1571&episode_no=7
eleceed,Eleceed,10,episode-000010-episode-10,"Episode 10 Jun 24, 2019 like 145,455 #10",485,126,359,0.7402061855670103,160,44,194,0,https://www.webtoons.com/en/action/eleceed/episode-10/viewer?title_no=1571&episode_no=10
eleceed,Eleceed,53,episode-000053-episode-53,"Episode 53 Apr 20, 2020 like 139,354 #53",613,183,430,0.7014681892332789,700,19,596,1,https://www.webtoons.com/en/action/eleceed/episode-53/viewer?title_no=1571&episode_no=53
eleceed,Eleceed,96,episode-000096-episode-96,"Episode 96 Feb 15, 2021 like 169,484 #96",663,231,432,0.6515837104072398,700,19,644,2,https://www.webtoons.com/en/action/eleceed/episode-96/viewer?title_no=1571&episode_no=96
eleceed,Eleceed,110,episode-000110-episode-110,"Episode 110 May 24, 2021 like 145,482 #110",634,203,431,0.6798107255520505,700,19,616,2,https://www.webtoons.com/en/action/eleceed/episode-110/viewer?title_no=1571&episode_no=110
eleceed,Eleceed,119,episode-000119-episode-119,"Episode 119 Jul 26, 2021 like 130,903 #119",653,223,430,0.6584992343032159,700,19,636,3,https://www.webtoons.com/en/action/eleceed/episode-119/viewer?title_no=1571&episode_no=119
eleceed,Eleceed,120,episode-000120-episode-120,"Episode 120 Aug 2, 2021 like 142,984 #120",643,213,430,0.6687402799377916,700,19,626,3,https://www.webtoons.com/en/action/eleceed/episode-120/viewer?title_no=1571&episode_no=120
eleceed,Eleceed,126,episode-000126-episode-126,"Episode 126 Sep 13, 2021 like 126,999 #126",643,213,430,0.6687402799377916,700,19,626,3,https://www.webtoons.com/en/action/eleceed/episode-126/viewer?title_no=1571&episode_no=126
eleceed,Eleceed,127,episode-000127-episode-127,"Episode 127 Sep 20, 2021 like 134,822 #127",663,231,432,0.6515837104072398,700,19,644,3,https://www.webtoons.com/en/action/eleceed/episode-127/viewer?title_no=1571&episode_no=127
eleceed,Eleceed,128,episode-000128-episode-128,"Episode 128 Sep 27, 2021 like 136,320 #128",662,231,431,0.6510574018126888,700,19,644,3,https://www.webtoons.com/en/action/eleceed/episode-128/viewer?title_no=1571&episode_no=128
eleceed,Eleceed,135,episode-000135-episode-135,"Episode 135 Nov 15, 2021 like 135,074 #135",686,255,431,0.6282798833819242,700,19,668,3,https://www.webtoons.com/en/action/eleceed/episode-135/viewer?title_no=1571&episode_no=135
eleceed,Eleceed,138,episode-000138-episode-138,"Episode 138 Dec 6, 2021 like 132,222 #138",666,233,433,0.6501501501501501,700,19,647,3,https://www.webtoons.com/en/action/eleceed/episode-138/viewer?title_no=1571&episode_no=138
eleceed,Eleceed,148,episode-000148-episode-148,"Episode 148 Feb 14, 2022 like 109,969 #148",674,241,433,0.642433234421365,700,19,655,3,https://www.webtoons.com/en/action/eleceed/episode-148/viewer?title_no=1571&episode_no=148
eleceed,Eleceed,150,episode-000150-episode-150,"Episode 150 Feb 28, 2022 like 121,140 #150",653,221,432,0.6615620214395099,700,19,634,3,https://www.webtoons.com/en/action/eleceed/episode-150/viewer?title_no=1571&episode_no=150
eleceed,Eleceed,151,episode-000151-episode-151,"Episode 151 Mar 7, 2022 like 119,296 #151",265,126,139,0.5245283018867924,160,114,252,3,https://www.webtoons.com/en/action/eleceed/episode-151/viewer?title_no=1571&episode_no=151
eleceed,Eleceed,177,episode-000177-episode-177,"Episode 177 Sep 5, 2022 like 110,280 #177",225,126,99,0.44,160,74,212,4,https://www.webtoons.com/en/action/eleceed/episode-177/viewer?title_no=1571&episode_no=177
eleceed,Eleceed,180,episode-000180-episode-180,"Episode 180 Sep 26, 2022 like 99,701 #180",225,126,99,0.44,160,74,212,4,https://www.webtoons.com/en/action/eleceed/episode-180/viewer?title_no=1571&episode_no=180
eleceed,Eleceed,187,episode-000187-episode-187,"Episode 187 Nov 14, 2022 like 98,977 #187",223,126,97,0.4349775784753363,160,72,210,4,https://www.webtoons.com/en/action/eleceed/episode-187/viewer?title_no=1571&episode_no=187
eleceed,Eleceed,192,episode-000192-episode-192,"Episode 192 Dec 19, 2022 like 94,157 #192",226,126,100,0.4424778761061947,160,75,213,4,https://www.webtoons.com/en/action/eleceed/episode-192/viewer?title_no=1571&episode_no=192
eleceed,Eleceed,196,episode-000196-episode-196,"Episode 196 Jan 16, 2023 like 93,664 #196",226,126,100,0.4424778761061947,160,75,213,5,https://www.webtoons.com/en/action/eleceed/episode-196/viewer?title_no=1571&episode_no=196
eleceed,Eleceed,239,episode-000239-episode-239,"Episode 239 Nov 13, 2023 like 73,693 #239",233,126,107,0.4592274678111588,160,82,220,6,https://www.webtoons.com/en/action/eleceed/episode-239/viewer?title_no=1571&episode_no=239
eleceed,Eleceed,291,episode-000291-episode-291,"Episode 291 Jul 22, 2024 like 61,485 #291",238,126,112,0.47058823529411764,160,87,225,7,https://www.webtoons.com/en/action/eleceed/episode-291/viewer?title_no=1571&episode_no=291
eleceed,Eleceed,339,episode-000339-episode-339,"Episode 339 Jun 23, 2025 like 49,648 #339",244,126,118,0.48360655737704916,160,93,231,8,https://www.webtoons.com/en/action/eleceed/episode-339/viewer?title_no=1571&episode_no=339
eleceed,Eleceed,371,episode-000371-episode-371,"Episode 371 Feb 2, 2026 like 31,034 #371",291,144,147,0.5051546391752577,690,1,149,9,https://www.webtoons.com/en/action/eleceed/episode-371/viewer?title_no=1571&episode_no=371
eleceed,Eleceed,375,episode-000375-episode-375,"Episode 375 Mar 2, 2026 like 29,503 #375",243,126,117,0.48148148148148145,160,92,230,9,https://www.webtoons.com/en/action/eleceed/episode-375/viewer?title_no=1571&episode_no=375
eleceed,Eleceed,381,episode-000381-episode-381,"Episode 381 Apr 13, 2026 like 26,074 #381",295,148,147,0.49830508474576274,690,1,153,9,https://www.webtoons.com/en/action/eleceed/episode-381/viewer?title_no=1571&episode_no=381
eleceed,Eleceed,385,episode-000385-episode-385,"Episode 385 May 11, 2026 like 21,117 #385",300,152,148,0.49333333333333335,690,1,157,9,https://www.webtoons.com/en/action/eleceed/episode-385/viewer?title_no=1571&episode_no=385
lookism,Lookism,44,episode-000044-ep-44,"Ep. 44 Jul 15, 2017 like 148,865 #44",321,256,65,0.20249221183800623,160,43,309,0,https://www.webtoons.com/en/drama/lookism/ep-44/viewer?title_no=1049&episode_no=44
lookism,Lookism,53,episode-000053-ep-53,"Ep. 53 Jul 24, 2017 like 155,245 #53",315,256,59,0.1873015873015873,160,39,305,0,https://www.webtoons.com/en/drama/lookism/ep-53/viewer?title_no=1049&episode_no=53
lookism,Lookism,69,episode-000069-ep-69,"Ep. 69 Sep 3, 2017 like 162,312 #69",324,256,68,0.20987654320987653,160,48,314,1,https://www.webtoons.com/en/drama/lookism/ep-69/viewer?title_no=1049&episode_no=69
lookism,Lookism,158,episode-000158-ep-158-seonong-goes-to-seoul-13,"Ep. 158: Seonong Goes to Seoul (1/3) Jan 25, 2018 like 140,169 #158",337,256,81,0.2403560830860534,160,61,327,2,https://www.webtoons.com/en/drama/lookism/ep-158-seonong-goes-to-seoul-13/viewer?title_no=1049&episode_no=158
lookism,Lookism,210,episode-000210-ep-210-god-dog-12,"Ep. 210: God Dog (12) Dec 23, 2018 like 163,206 #210",380,256,124,0.3263157894736842,160,104,370,3,https://www.webtoons.com/en/drama/lookism/ep-210-god-dog-12/viewer?title_no=1049&episode_no=210
lookism,Lookism,272,episode-000272-ep-272-hostel-j-high-final,"Ep. 272: Hostel [J High Final] Feb 29, 2020 like 118,251 #272",426,256,170,0.39906103286384975,160,150,416,4,https://www.webtoons.com/en/drama/lookism/ep-272-hostel-j-high-final/viewer?title_no=1049&episode_no=272
lookism,Lookism,283,episode-000283-ep-283-hostel-epilogue,"Ep. 283: Hostel (Epilogue) May 16, 2020 like 124,060 #283",542,270,272,0.5018450184501845,700,1,275,4,https://www.webtoons.com/en/drama/lookism/ep-283-hostel-epilogue/viewer?title_no=1049&episode_no=283
lookism,Lookism,284,episode-000284-ep-284-vs-gun,"Ep. 284: VS Gun May 23, 2020 like 124,260 #284",544,272,272,0.5,700,1,277,4,https://www.webtoons.com/en/drama/lookism/ep-284-vs-gun/viewer?title_no=1049&episode_no=284
lookism,Lookism,291,episode-000291-ep-291-workers4-affiliates-5,"Ep. 291: Workers(4 Affiliates) (5) Jul 11, 2020 like 118,254 #291",531,259,272,0.512241054613936,700,1,264,4,https://www.webtoons.com/en/drama/lookism/ep-291-workers4-affiliates-5/viewer?title_no=1049&episode_no=291
lookism,Lookism,292,episode-000292-ep-292-workers4-affiliates-6,"Ep. 292: Workers(4 Affiliates) (6) Jul 18, 2020 like 114,201 #292",529,257,272,0.5141776937618148,700,1,262,4,https://www.webtoons.com/en/drama/lookism/ep-292-workers4-affiliates-6/viewer?title_no=1049&episode_no=292
lookism,Lookism,296,episode-000296-ep-296-workers4-affiliates-10,"Ep. 296: Workers(4 Affiliates) (10) Aug 15, 2020 like 116,877 #296",556,283,273,0.4910071942446043,700,1,289,4,https://www.webtoons.com/en/drama/lookism/ep-296-workers4-affiliates-10/viewer?title_no=1049&episode_no=296
lookism,Lookism,311,episode-000311-ep-311-jake-kim-10,"Ep. 311: Jake Kim (10) Nov 28, 2020 like 88,983 #311",538,266,272,0.5055762081784386,700,1,271,5,https://www.webtoons.com/en/drama/lookism/ep-311-jake-kim-10/viewer?title_no=1049&episode_no=311
lookism,Lookism,312,episode-000312-ep-312-jake-kim-11,"Ep. 312: Jake Kim (11) Dec 5, 2020 like 87,053 #312",553,281,272,0.4918625678119349,700,1,286,5,https://www.webtoons.com/en/drama/lookism/ep-312-jake-kim-11/viewer?title_no=1049&episode_no=312
lookism,Lookism,317,episode-000317-ep-317-jake-kim-end,"Ep. 317: Jake Kim (End) Jan 9, 2021 like 86,833 #317",538,266,272,0.5055762081784386,700,1,271,5,https://www.webtoons.com/en/drama/lookism/ep-317-jake-kim-end/viewer?title_no=1049&episode_no=317
lookism,Lookism,348,episode-000348-ep-348-the-summit-meeting-1,"Ep. 348: The Summit Meeting (1) BGM Aug 14, 2021 like 78,598 #348",392,256,136,0.3469387755102041,160,116,382,5,https://www.webtoons.com/en/drama/lookism/ep-348-the-summit-meeting-1/viewer?title_no=1049&episode_no=348
lookism,Lookism,366,episode-000366-ep-366-one-night-7,"Ep. 366: One Night (7) BGM Dec 18, 2021 like 71,421 #366",391,256,135,0.3452685421994885,160,114,380,6,https://www.webtoons.com/en/drama/lookism/ep-366-one-night-7/viewer?title_no=1049&episode_no=366
lookism,Lookism,449,episode-000449-ep-449-workers-1st-affiliate-1,"Ep 449: Workers (1st Affiliate) (1) BGM Jul 22, 2023 like 37,335 #449",401,256,145,0.36159600997506236,160,125,391,7,https://www.webtoons.com/en/drama/lookism/ep-449-workers-1st-affiliate-1/viewer?title_no=1049&episode_no=449
lookism,Lookism,501,episode-000501-ep-501-cheonliang-aftermath-the-hunt-for-gun,"Ep. 501: Cheonliang (Aftermath) + The Hunt for Gun BGM Jul 20, 2024 like 24,314 #501",403,256,147,0.36476426799007444,160,127,393,8,https://www.webtoons.com/en/drama/lookism/ep-501-cheonliang-aftermath-the-hunt-for-gun/viewer?title_no=1049&episode_no=501
lookism,Lookism,577,episode-000577-ep-577-incheon-20,"Ep. 577: Incheon (20) BGM Jan 3, 2026 like 8,437 #577",414,256,158,0.38164251207729466,160,138,404,9,https://www.webtoons.com/en/drama/lookism/ep-577-incheon-20/viewer?title_no=1049&episode_no=577
omniscient-reader,Omniscient Reader,11,episode-000011-episode-10,"Episode 10 Oct 6, 2020 like 266,923 #11",661,286,375,0.56732223903177,800,9,634,0,https://www.webtoons.com/en/action/omniscient-reader/episode-10/viewer?title_no=2154&episode_no=11
omniscient-reader,Omniscient Reader,45,episode-000045-episode-44,"Episode 44 Apr 27, 2021 like 229,209 #45",650,294,356,0.5476923076923077,800,9,626,1,https://www.webtoons.com/en/action/omniscient-reader/episode-44/viewer?title_no=2154&episode_no=45
omniscient-reader,Omniscient Reader,55,episode-000055-episode-54,"Episode 54 Jul 6, 2021 like 220,318 #55",681,318,363,0.5330396475770925,800,9,652,1,https://www.webtoons.com/en/action/omniscient-reader/episode-54/viewer?title_no=2154&episode_no=55
omniscient-reader,Omniscient Reader,63,episode-000063-episode-62,"Episode 62 Aug 31, 2021 like 201,087 #63",695,336,359,0.516546762589928,800,9,669,2,https://www.webtoons.com/en/action/omniscient-reader/episode-62/viewer?title_no=2154&episode_no=63
omniscient-reader,Omniscient Reader,68,episode-000068-episode-67,"Episode 67 Oct 5, 2021 like 193,992 #68",711,354,357,0.5021097046413502,800,9,686,2,https://www.webtoons.com/en/action/omniscient-reader/episode-67/viewer?title_no=2154&episode_no=68
omniscient-reader,Omniscient Reader,83,episode-000083-episode-82,"Episode 82 Jan 18, 2022 like 175,168 #83",663,308,355,0.5354449472096531,800,9,640,2,https://www.webtoons.com/en/action/omniscient-reader/episode-82/viewer?title_no=2154&episode_no=83
omniscient-reader,Omniscient Reader,86,episode-000086-episode-85,"Episode 85 Feb 8, 2022 like 179,935 #86",667,308,359,0.5382308845577212,800,9,640,2,https://www.webtoons.com/en/action/omniscient-reader/episode-85/viewer?title_no=2154&episode_no=86
omniscient-reader,Omniscient Reader,93,episode-000093-episode-92,"Episode 92 Mar 29, 2022 like 176,690 #93",690,330,360,0.5217391304347826,800,9,662,3,https://www.webtoons.com/en/action/omniscient-reader/episode-92/viewer?title_no=2154&episode_no=93
omniscient-reader,Omniscient Reader,102,episode-000102-episode-101,"Episode 101 May 31, 2022 like 178,997 #102",734,376,358,0.4877384196185286,800,9,709,3,https://www.webtoons.com/en/action/omniscient-reader/episode-101/viewer?title_no=2154&episode_no=102
omniscient-reader,Omniscient Reader,130,episode-000130-episode-129,"Episode 129 Dec 13, 2022 like 147,228 #130",660,296,364,0.5515151515151515,800,9,634,4,https://www.webtoons.com/en/action/omniscient-reader/episode-129/viewer?title_no=2154&episode_no=130
omniscient-reader,Omniscient Reader,180,episode-000180-episode-179,"Episode 179 Nov 28, 2023 like 114,480 #180",644,286,358,0.5559006211180124,800,9,616,5,https://www.webtoons.com/en/action/omniscient-reader/episode-179/viewer?title_no=2154&episode_no=180
omniscient-reader,Omniscient Reader,195,episode-000195-episode-194,"Episode 194 Mar 11, 2024 like 105,948 #195",653,300,353,0.5405819295558959,800,9,628,6,https://www.webtoons.com/en/action/omniscient-reader/episode-194/viewer?title_no=2154&episode_no=195
omniscient-reader,Omniscient Reader,209,episode-000209-episode-208,"Episode 208 Jun 24, 2024 like 106,965 #209",659,304,355,0.5386949924127465,800,9,632,6,https://www.webtoons.com/en/action/omniscient-reader/episode-208/viewer?title_no=2154&episode_no=209
omniscient-reader,Omniscient Reader,221,episode-000221-episode-220,"Episode 220 BGM Sep 16, 2024 like 106,731 #221",622,270,352,0.5659163987138264,800,9,599,7,https://www.webtoons.com/en/action/omniscient-reader/episode-220/viewer?title_no=2154&episode_no=221
omniscient-reader,Omniscient Reader,274,episode-000274-episode-273,"Episode 273 Sep 22, 2025 like 51,689 #274",663,314,349,0.526395173453997,800,9,642,8,https://www.webtoons.com/en/action/omniscient-reader/episode-273/viewer?title_no=2154&episode_no=274
omniscient-reader,Omniscient Reader,300,episode-000300-episode-299,"Episode 299 Mar 30, 2026 like 31,281 #300",673,320,353,0.524517087667162,800,9,649,9,https://www.webtoons.com/en/action/omniscient-reader/episode-299/viewer?title_no=2154&episode_no=300
teenage-mercenary,Teenage Mercenary,2,episode-000002-episode-1,"Episode 1 Jun 29, 2021 like 166,934 #2",640,301,339,0.5296875,690,39,612,0,https://www.webtoons.com/en/action/teenage-mercenary/episode-1/viewer?title_no=2677&episode_no=2
teenage-mercenary,Teenage Mercenary,3,episode-000003-episode-2,"Episode 2 Jun 29, 2021 like 162,767 #3",681,345,336,0.4933920704845815,690,39,655,0,https://www.webtoons.com/en/action/teenage-mercenary/episode-2/viewer?title_no=2677&episode_no=3
teenage-mercenary,Teenage Mercenary,5,episode-000005-episode-4,"Episode 4 Jul 6, 2021 like 157,794 #5",579,243,336,0.5803108808290155,690,39,553,0,https://www.webtoons.com/en/action/teenage-mercenary/episode-4/viewer?title_no=2677&episode_no=5
teenage-mercenary,Teenage Mercenary,6,episode-000006-episode-5,"Episode 5 Jul 13, 2021 like 153,636 #6",613,277,336,0.5481239804241436,690,39,586,0,https://www.webtoons.com/en/action/teenage-mercenary/episode-5/viewer?title_no=2677&episode_no=6
teenage-mercenary,Teenage Mercenary,9,episode-000009-episode-8,"Episode 8 Aug 3, 2021 like 152,950 #9",646,309,337,0.521671826625387,690,39,619,0,https://www.webtoons.com/en/action/teenage-mercenary/episode-8/viewer?title_no=2677&episode_no=9
teenage-mercenary,Teenage Mercenary,18,episode-000018-episode-17,"Episode 17 Oct 5, 2021 like 143,662 #18",618,279,339,0.5485436893203883,690,39,592,0,https://www.webtoons.com/en/action/teenage-mercenary/episode-17/viewer?title_no=2677&episode_no=18
teenage-mercenary,Teenage Mercenary,25,episode-000025-episode-24,"Episode 24 Nov 23, 2021 like 128,996 #25",631,288,343,0.5435816164817749,690,39,605,0,https://www.webtoons.com/en/action/teenage-mercenary/episode-24/viewer?title_no=2677&episode_no=25
teenage-mercenary,Teenage Mercenary,30,episode-000030-episode-29,"Episode 29 Dec 28, 2021 like 133,331 #30",626,280,346,0.5527156549520766,690,39,598,1,https://www.webtoons.com/en/action/teenage-mercenary/episode-29/viewer?title_no=2677&episode_no=30
teenage-mercenary,Teenage Mercenary,34,episode-000034-episode-33,"Episode 33 Jan 25, 2022 like 123,199 #34",607,264,343,0.5650741350906096,690,39,581,1,https://www.webtoons.com/en/action/teenage-mercenary/episode-33/viewer?title_no=2677&episode_no=34
teenage-mercenary,Teenage Mercenary,37,episode-000037-episode-36,"Episode 36 Feb 15, 2022 like 115,656 #37",599,259,340,0.5676126878130217,690,39,575,1,https://www.webtoons.com/en/action/teenage-mercenary/episode-36/viewer?title_no=2677&episode_no=37
teenage-mercenary,Teenage Mercenary,40,episode-000040-episode-39,"Episode 39 Mar 8, 2022 like 114,668 #40",597,254,343,0.5745393634840871,690,39,571,1,https://www.webtoons.com/en/action/teenage-mercenary/episode-39/viewer?title_no=2677&episode_no=40
teenage-mercenary,Teenage Mercenary,48,episode-000048-episode-47,"Episode 47 May 3, 2022 like 106,071 #48",586,247,339,0.5784982935153583,690,39,561,1,https://www.webtoons.com/en/action/teenage-mercenary/episode-47/viewer?title_no=2677&episode_no=48
teenage-mercenary,Teenage Mercenary,66,episode-000066-episode-65,"Episode 65 Sep 6, 2022 like 95,303 #66",552,217,335,0.6068840579710145,690,39,525,2,https://www.webtoons.com/en/action/teenage-mercenary/episode-65/viewer?title_no=2677&episode_no=66
teenage-mercenary,Teenage Mercenary,96,episode-000096-episode-95,"Episode 95 Dec 27, 2022 like 84,013 #96",551,217,334,0.6061705989110708,690,39,526,3,https://www.webtoons.com/en/action/teenage-mercenary/episode-95/viewer?title_no=2677&episode_no=96
teenage-mercenary,Teenage Mercenary,129,episode-000129-episode-128,"Episode 128 Aug 15, 2023 like 69,275 #129",536,201,335,0.625,690,39,511,4,https://www.webtoons.com/en/action/teenage-mercenary/episode-128/viewer?title_no=2677&episode_no=129
teenage-mercenary,Teenage Mercenary,156,episode-000156-episode-155,"Episode 155 Feb 20, 2024 like 58,669 #156",549,217,332,0.604735883424408,690,39,525,5,https://www.webtoons.com/en/action/teenage-mercenary/episode-155/viewer?title_no=2677&episode_no=156
teenage-mercenary,Teenage Mercenary,169,episode-000169-episode-168,"Episode 168 May 21, 2024 like 54,590 #169",532,199,333,0.6259398496240601,690,39,508,6,https://www.webtoons.com/en/action/teenage-mercenary/episode-168/viewer?title_no=2677&episode_no=169
teenage-mercenary,Teenage Mercenary,209,episode-000209-episode-208,"Episode 208 Feb 25, 2025 like 41,755 #209",544,207,337,0.6194852941176471,690,39,517,7,https://www.webtoons.com/en/action/teenage-mercenary/episode-208/viewer?title_no=2677&episode_no=209
teenage-mercenary,Teenage Mercenary,219,episode-000219-episode-218,"Episode 218 May 6, 2025 like 36,748 #219",530,195,335,0.6320754716981132,690,39,504,8,https://www.webtoons.com/en/action/teenage-mercenary/episode-218/viewer?title_no=2677&episode_no=219
teenage-mercenary,Teenage Mercenary,255,episode-000255-episode-254,"Episode 254 Jan 13, 2026 like 25,649 #255",533,201,332,0.6228893058161351,690,39,510,9,https://www.webtoons.com/en/action/teenage-mercenary/episode-254/viewer?title_no=2677&episode_no=255
the-breaker-eternal-force,The Breaker: Eternal Force,1,episode-000001-episode-1,First episode,479,232,247,0.5156576200417536,800,191,450,0,https://www.webtoons.com/en/action/the-breaker-eternal-force/episode-1/viewer?title_no=4501&episode_no=1
the-breaker-eternal-force,The Breaker: Eternal Force,2,episode-000002-episode-2,"Episode 2 Jul 31, 2022 like 37,370 #2",404,156,248,0.6138613861386139,800,191,374,0,https://www.webtoons.com/en/action/the-breaker-eternal-force/episode-2/viewer?title_no=4501&episode_no=2
the-breaker-eternal-force,The Breaker: Eternal Force,3,episode-000003-episode-3,"Episode 3 Jul 31, 2022 like 34,718 #3",412,165,247,0.5995145631067961,800,191,384,0,https://www.webtoons.com/en/action/the-breaker-eternal-force/episode-3/viewer?title_no=4501&episode_no=3
the-breaker-eternal-force,The Breaker: Eternal Force,4,episode-000004-episode-4,"Episode 4 Aug 7, 2022 like 26,452 #4",396,149,247,0.6237373737373737,800,191,367,0,https://www.webtoons.com/en/action/the-breaker-eternal-force/episode-4/viewer?title_no=4501&episode_no=4
the-breaker-eternal-force,The Breaker: Eternal Force,6,episode-000006-episode-6,"Episode 6 Aug 21, 2022 like 23,716 #6",463,194,269,0.5809935205183585,800,193,434,0,https://www.webtoons.com/en/action/the-breaker-eternal-force/episode-6/viewer?title_no=4501&episode_no=6
the-breaker-eternal-force,The Breaker: Eternal Force,7,episode-000007-episode-7,"Episode 7 Aug 28, 2022 like 22,452 #7",463,213,250,0.5399568034557235,800,191,437,0,https://www.webtoons.com/en/action/the-breaker-eternal-force/episode-7/viewer?title_no=4501&episode_no=7
the-breaker-eternal-force,The Breaker: Eternal Force,8,episode-000008-episode-8,"Episode 8 Sep 4, 2022 like 21,325 #8",456,198,258,0.5657894736842105,800,191,427,0,https://www.webtoons.com/en/action/the-breaker-eternal-force/episode-8/viewer?title_no=4501&episode_no=8
the-breaker-eternal-force,The Breaker: Eternal Force,9,episode-000009-episode-9,"Episode 9 Sep 11, 2022 like 20,573 #9",409,163,246,0.6014669926650367,800,191,381,0,https://www.webtoons.com/en/action/the-breaker-eternal-force/episode-9/viewer?title_no=4501&episode_no=9
the-breaker-eternal-force,The Breaker: Eternal Force,10,episode-000010-episode-10,"Episode 10 Sep 18, 2022 like 20,971 #10",413,168,245,0.5932203389830508,800,191,386,0,https://www.webtoons.com/en/action/the-breaker-eternal-force/episode-10/viewer?title_no=4501&episode_no=10
the-breaker-eternal-force,The Breaker: Eternal Force,11,episode-000011-episode-11,"Episode 11 Sep 25, 2022 like 19,799 #11",376,130,246,0.6542553191489362,800,191,348,1,https://www.webtoons.com/en/action/the-breaker-eternal-force/episode-11/viewer?title_no=4501&episode_no=11
the-breaker-eternal-force,The Breaker: Eternal Force,12,episode-000012-episode-12,"Episode 12 Oct 2, 2022 like 19,696 #12",378,131,247,0.6534391534391535,800,191,349,1,https://www.webtoons.com/en/action/the-breaker-eternal-force/episode-12/viewer?title_no=4501&episode_no=12
the-breaker-eternal-force,The Breaker: Eternal Force,13,episode-000013-episode-13,"Episode 13 Oct 9, 2022 like 19,448 #13",385,141,244,0.6337662337662338,800,191,357,1,https://www.webtoons.com/en/action/the-breaker-eternal-force/episode-13/viewer?title_no=4501&episode_no=13
the-breaker-eternal-force,The Breaker: Eternal Force,14,episode-000014-episode-14,"Episode 14 Oct 16, 2022 like 18,767 #14",378,132,246,0.6507936507936508,800,191,350,1,https://www.webtoons.com/en/action/the-breaker-eternal-force/episode-14/viewer?title_no=4501&episode_no=14
the-breaker-eternal-force,The Breaker: Eternal Force,19,episode-000019-episode-19,"Episode 19 Nov 20, 2022 like 16,896 #19",387,141,246,0.6356589147286822,800,191,358,1,https://www.webtoons.com/en/action/the-breaker-eternal-force/episode-19/viewer?title_no=4501&episode_no=19
the-breaker-eternal-force,The Breaker: Eternal Force,20,episode-000020-episode-20,"Episode 20 Nov 27, 2022 like 16,389 #20",381,137,244,0.6404199475065617,800,191,354,1,https://www.webtoons.com/en/action/the-breaker-eternal-force/episode-20/viewer?title_no=4501&episode_no=20
the-breaker-eternal-force,The Breaker: Eternal Force,21,episode-000021-episode-21,"Episode 21 Dec 4, 2022 like 16,111 #21",386,143,243,0.6295336787564767,800,191,359,2,https://www.webtoons.com/en/action/the-breaker-eternal-force/episode-21/viewer?title_no=4501&episode_no=21
the-breaker-eternal-force,The Breaker: Eternal Force,22,episode-000022-episode-22,"Episode 22 Dec 11, 2022 like 16,268 #22",385,140,245,0.6363636363636364,800,191,358,2,https://www.webtoons.com/en/action/the-breaker-eternal-force/episode-22/viewer?title_no=4501&episode_no=22
the-breaker-eternal-force,The Breaker: Eternal Force,23,episode-000023-episode-23,"Episode 23 Dec 18, 2022 like 16,235 #23",388,141,247,0.6365979381443299,800,191,360,2,https://www.webtoons.com/en/action/the-breaker-eternal-force/episode-23/viewer?title_no=4501&episode_no=23
the-breaker-eternal-force,The Breaker: Eternal Force,24,episode-000024-episode-24,"Episode 24 Dec 25, 2022 like 15,634 #24",381,134,247,0.6482939632545932,800,191,352,2,https://www.webtoons.com/en/action/the-breaker-eternal-force/episode-24/viewer?title_no=4501&episode_no=24
the-breaker-eternal-force,The Breaker: Eternal Force,25,episode-000025-episode-25,"Episode 25 Jan 1, 2023 like 15,027 #25",367,122,245,0.667574931880109,800,191,338,2,https://www.webtoons.com/en/action/the-breaker-eternal-force/episode-25/viewer?title_no=4501&episode_no=25
the-breaker-eternal-force,The Breaker: Eternal Force,29,episode-000029-episode-29,"Episode 29 Jan 29, 2023 like 12,925 #29",382,138,244,0.6387434554973822,800,191,355,2,https://www.webtoons.com/en/action/the-breaker-eternal-force/episode-29/viewer?title_no=4501&episode_no=29
the-breaker-eternal-force,The Breaker: Eternal Force,31,episode-000031-episode-31,"Episode 31 Feb 12, 2023 like 12,592 #31",367,121,246,0.670299727520436,800,191,338,3,https://www.webtoons.com/en/action/the-breaker-eternal-force/episode-31/viewer?title_no=4501&episode_no=31
the-breaker-eternal-force,The Breaker: Eternal Force,34,episode-000034-episode-34,"Episode 34 Mar 5, 2023 like 11,716 #34",369,126,243,0.6585365853658537,800,191,342,3,https://www.webtoons.com/en/action/the-breaker-eternal-force/episode-34/viewer?title_no=4501&episode_no=34
the-breaker-eternal-force,The Breaker: Eternal Force,36,episode-000036-episode-36,"Episode 36 Mar 19, 2023 like 11,514 #36",371,126,245,0.660377358490566,800,191,344,3,https://www.webtoons.com/en/action/the-breaker-eternal-force/episode-36/viewer?title_no=4501&episode_no=36
the-breaker-eternal-force,The Breaker: Eternal Force,37,episode-000037-episode-37,"Episode 37 Mar 26, 2023 like 11,061 #37",375,130,245,0.6533333333333333,800,191,347,3,https://www.webtoons.com/en/action/the-breaker-eternal-force/episode-37/viewer?title_no=4501&episode_no=37
the-breaker-eternal-force,The Breaker: Eternal Force,49,episode-000049-episode-49,"Episode 49 Jun 18, 2023 like 9,650 #49",347,100,247,0.7118155619596542,800,191,318,4,https://www.webtoons.com/en/action/the-breaker-eternal-force/episode-49/viewer?title_no=4501&episode_no=49
the-breaker-eternal-force,The Breaker: Eternal Force,59,episode-000059-episode-59,"Episode 59 Aug 27, 2023 like 8,914 #59",359,114,245,0.6824512534818942,800,191,331,5,https://www.webtoons.com/en/action/the-breaker-eternal-force/episode-59/viewer?title_no=4501&episode_no=59
the-breaker-eternal-force,The Breaker: Eternal Force,61,episode-000061-episode-61,"Episode 61 Sep 10, 2023 like 8,866 #61",371,127,244,0.6576819407008087,800,191,344,6,https://www.webtoons.com/en/action/the-breaker-eternal-force/episode-61/viewer?title_no=4501&episode_no=61
the-breaker-eternal-force,The Breaker: Eternal Force,65,episode-000065-episode-65,"Episode 65 Oct 8, 2023 like 8,536 #65",371,125,246,0.6630727762803235,800,191,343,6,https://www.webtoons.com/en/action/the-breaker-eternal-force/episode-65/viewer?title_no=4501&episode_no=65
the-breaker-eternal-force,The Breaker: Eternal Force,74,episode-000074-episode-74,"Episode 74 Dec 10, 2023 like 7,867 #74",368,122,246,0.6684782608695652,800,191,341,7,https://www.webtoons.com/en/action/the-breaker-eternal-force/episode-74/viewer?title_no=4501&episode_no=74
the-breaker-eternal-force,The Breaker: Eternal Force,76,episode-000076-episode-76,"Episode 76 Dec 24, 2023 like 7,768 #76",371,125,246,0.6630727762803235,800,191,343,7,https://www.webtoons.com/en/action/the-breaker-eternal-force/episode-76/viewer?title_no=4501&episode_no=76
the-breaker-eternal-force,The Breaker: Eternal Force,77,episode-000077-episode-77,"Episode 77 Dec 31, 2023 like 7,784 #77",385,139,246,0.638961038961039,800,191,358,7,https://www.webtoons.com/en/action/the-breaker-eternal-force/episode-77/viewer?title_no=4501&episode_no=77
the-breaker-eternal-force,The Breaker: Eternal Force,87,episode-000087-episode-87,"Episode 87 Mar 10, 2024 like 7,033 #87",360,117,243,0.675,800,191,332,8,https://www.webtoons.com/en/action/the-breaker-eternal-force/episode-87/viewer?title_no=4501&episode_no=87
the-breaker-eternal-force,The Breaker: Eternal Force,88,episode-000088-episode-88,"Episode 88 Mar 17, 2024 like 6,896 #88",383,140,243,0.6344647519582245,800,191,357,8,https://www.webtoons.com/en/action/the-breaker-eternal-force/episode-88/viewer?title_no=4501&episode_no=88
the-breaker-eternal-force,The Breaker: Eternal Force,96,episode-000096-episode-96,"Episode 96 May 12, 2024 like 6,636 #96",368,120,248,0.6739130434782609,800,191,338,9,https://www.webtoons.com/en/action/the-breaker-eternal-force/episode-96/viewer?title_no=4501&episode_no=96
tower-of-god,Tower of God,1,episode-000001-season-1-ep-0,First episode,789,504,285,0.3612167300380228,160,4,639,0,https://www.webtoons.com/en/fantasy/tower-of-god/season-1-ep-0/viewer?title_no=95&episode_no=1
tower-of-god,Tower of God,86,episode-000086-season-2-ep-6,"[Season 2] Ep. 6 Jun 30, 2014 like 110,491 #86",810,480,330,0.4074074074074074,160,28,637,1,https://www.webtoons.com/en/fantasy/tower-of-god/season-2-ep-6/viewer?title_no=95&episode_no=86
tower-of-god,Tower of God,188,episode-000188-season-2-ep-108,"[Season 2] Ep. 108 Jun 30, 2014 like 98,925 #188",811,481,330,0.406905055487053,160,27,637,2,https://www.webtoons.com/en/fantasy/tower-of-god/season-2-ep-108/viewer?title_no=95&episode_no=188
tower-of-god,Tower of God,198,episode-000198-season-2-ep-118,"[Season 2] Ep. 118 Sep 22, 2014 like 88,185 #198",812,479,333,0.4100985221674877,160,29,637,3,https://www.webtoons.com/en/fantasy/tower-of-god/season-2-ep-118/viewer?title_no=95&episode_no=198
tower-of-god,Tower of God,233,episode-000233-season-2-ep-152,"[Season 2] Ep. 152 May 24, 2015 like 84,245 #232",835,459,376,0.4502994011976048,160,53,638,3,https://www.webtoons.com/en/fantasy/tower-of-god/season-2-ep-152/viewer?title_no=95&episode_no=233
tower-of-god,Tower of God,266,episode-000266-season-2-ep-185,"[Season 2] Ep. 185 Jan 18, 2016 like 80,759 #265",826,453,373,0.4515738498789346,160,61,644,4,https://www.webtoons.com/en/fantasy/tower-of-god/season-2-ep-185/viewer?title_no=95&episode_no=266
tower-of-god,Tower of God,377,episode-000377-season-2-ep-296,"[Season 2] Ep. 296 Apr 9, 2018 like 151,302 #376",840,427,413,0.49166666666666664,160,99,637,5,https://www.webtoons.com/en/fantasy/tower-of-god/season-2-ep-296/viewer?title_no=95&episode_no=377
tower-of-god,Tower of God,414,episode-000414-season-2-ep-333,"[Season 2] Ep. 333 Dec 24, 2018 like 145,841 #413",822,428,394,0.4793187347931874,160,95,633,6,https://www.webtoons.com/en/fantasy/tower-of-god/season-2-ep-333/viewer?title_no=95&episode_no=414
tower-of-god,Tower of God,468,episode-000468-season-3-ep-50,"[Season 3] Ep. 50 Feb 23, 2020 like 149,947 #467",813,427,386,0.4747847478474785,160,98,636,7,https://www.webtoons.com/en/fantasy/tower-of-god/season-3-ep-50/viewer?title_no=95&episode_no=468
tower-of-god,Tower of God,556,episode-000556-season-3-ep-138,"[Season 3] Ep. 138 Apr 16, 2023 like 63,919 #555",870,436,434,0.49885057471264366,160,79,642,8,https://www.webtoons.com/en/fantasy/tower-of-god/season-3-ep-138/viewer?title_no=95&episode_no=556
tower-of-god,Tower of God,597,episode-000597-season-3-ep-179,"[Season 3] Ep. 179 Jan 28, 2024 like 44,598 #596",881,426,455,0.5164585698070374,160,102,638,9,https://www.webtoons.com/en/fantasy/tower-of-god/season-3-ep-179/viewer?title_no=95&episode_no=597
